Feature Preferences,Camera Improvements,Software Preferences,Hardware Preferences
Longer battery life,Improved low-light photography,Sleek user interface,High-resolution AMOLED display
Foldable design,Enhanced zoom capabilities,Fast software updates,Powerful Snapdragon processor
Waterproof and dustproof,Portrait mode enhancements,Customizable UI,Improved battery efficiency
Under-display camera technology,Improved video stabilization,Robust app ecosystem,Expandable storage options
AI-powered voice assistant,Multiple rear cameras with different lenses,Enhanced security features,Sturdy metal build
5G connectivity,360-degree photography support,Privacy-focused software,Wireless charging support
In-display fingerprint sensor,AR capabilities for photography,Gesture-based navigation,Long-lasting battery life
Improved haptic feedback,AI-based image editing,Multitasking improvements,Thin and lightweight design
Enhanced audio quality,Pro-level manual camera controls,Optimized gaming mode,5G support for faster data
Better front-facing camera,Superior night mode photography,Customizable widgets,Improved water resistance
Biometric authentication options,Higher megapixels for main camera,Seamless app updates,Higher refresh rate display
Enhanced face recognition,Variable aperture for main camera,Efficient power management,Expandable RAM
More durable screen,Improved slow-motion video,Optimized voice commands,Quick charging technology
Better call quality,Time-lapse photography mode,Enhanced voice assistant,Higher resolution display
Dual SIM card support,Improved selfie camera,Intuitive file management,Enhanced thermal management
Foldable display with S Pen support,AI-powered image recognition,Privacy controls,Improved GPS accuracy
Smaller form factor with large screen,Professional-grade camera app,Customizable home screen,Lightweight build
Improved audio recording capabilities,Improved macro photography,Seamless integration with other devices,Advanced cooling system
Faster and more efficient processor,Enhanced selfie filters,Effortless software updates,Excellent build quality
Eco-friendly materials,Superior front-facing camera,Seamless multitasking,Longer-lasting battery
Gesture-based controls,Enhanced night mode,User-friendly software,Improved signal reception
Facial recognition with masks,Enhanced low-light performance,Enhanced voice assistant,Expandable storage
Upgraded screen refresh rate,Enhanced zoom capabilities,Smooth and intuitive UI,Advanced cooling technology
Stylus support for note-taking,Improved wide-angle lens,Enhanced privacy features,High-quality audio output
Thinner and lighter design,Portrait mode for video,Intelligent battery management,Responsive touch sensitivity
Ultra-fast charging,Improved panorama mode,Secure app ecosystem,High-resolution display
Improved front-facing flash,Support for astrophotography,Quick access to device settings,Improved durability
Better front-facing speakers,Advanced HDR video recording,Optimized app launch speed,Customizable button mappings
Wireless charging at a distance,Enhanced time-lapse mode,Secure file encryption,Advanced biometrics
Improved 5G connectivity,Real-time translation in camera app,Enhanced user privacy controls,High-capacity battery
AI-driven recommendation system,Enhanced bokeh effect,Enhanced split-screen multitasking,Smooth scrolling experience
Health-focused features,Instant photo printing capability,Low-latency gaming mode,Customizable notification sounds
Advanced photo and video editing tools,Improved telephoto lens,Efficient background app management,High-speed charging
Sustainable materials,Enhanced low-light video recording,Interactive lock screen widgets,In-display front camera
Flexible and customizable widgets,Improved image recognition,Effortless data transfer between devices,Excellent display visibility in direct sunlight
Enhanced voice commands for accessibility,Improved slow-motion video,Customizable notification badges,High-quality vibration motor
Optical zoom with stabilization,Advanced filters for photography,Optimized battery saver mode,Expandable storage options
Improved water and dust resistance,Live streaming integration,User-friendly privacy settings,Responsive and accurate touch screen
Under-display fingerprint sensor,Enhanced panorama mode,Easy-to-use screen recording,Quick app launch
Instant language translation,360-degree audio recording,Secure app sandboxing,High-speed data transfer
Improved AR capabilities,Superior low-light photography,Intuitive app organization,Advanced GPU for gaming
Biometric app lock,Enhanced depth-sensing camera,Efficient power-saving mode,Responsive and accurate touch sensitivity
Improved wireless connectivity,Advanced image stabilization,Seamless device synchronization,High-resolution front camera
Foldable design for multitasking,Variable aperture for main camera,Advanced parental controls,Long battery life
Enhanced eSIM support,Improved time-lapse photography,Advanced notification center,Superior build materials
Underwater photography mode,Enhanced zoom and focus options,Smart home integration,High-speed data connection
Improved secondary screen for multitasking,Superior macro lens,Advanced voice recognition,Quick and efficient charging
Privacy-first browsing mode,Multi-camera video recording,Customizable home screen gestures,High-quality display materials
Long-term software support,Enhanced video editing capabilities,Efficient background processing,Improved device durability
Fingerprint authentication for apps,Pro-grade image processing,Enhanced voice search,High-speed Wi-Fi connection
Improved gaming performance,360-degree live streaming,User-friendly settings menu,High-quality stereo speakers
Better multitasking features,Enhanced wide-angle lens,Customizable notification privacy settings,Responsive haptic feedback
Advanced biometric data security,Improved action camera,Enhanced data privacy controls,High-refresh-rate display
Foldable design for portability,Advanced low-light image processing,Seamless software updates,Expandable storage support
Enhanced outdoor photography mode,Improved depth-of-field effects,Intuitive voice command customization,Long-lasting battery
Innovative screen technology,Superior optical zoom,Privacy-focused app store,Excellent build quality
Faster face unlock,Professional-grade image stabilization,Efficient app management,Customizable LED notifications
Water and dust resistance rating,Enhanced superzoom capabilities,Smooth and responsive UI,Long-lasting battery life
Advanced location tracking features,Improved time-lapse video,Privacy-focused browsing,Optimized thermal performance
Durable and shatterproof screen,Pro-level camera controls,Effortless app switching,High-resolution OLED display
Foldable design for creative tasks,Enhanced low-light video recording,Customizable app permissions,Powerful processor
High-resolution front camera,360-degree image stitching,Seamless software integration,Long-lasting battery with fast charging
Improved durability for outdoor activities,Advanced image recognition,Secure file sharing,High-capacity RAM
Thinner and lighter design,Improved ultra-wide lens,User-friendly settings navigation,Quick wireless charging
Improved call quality,Enhanced panorama video,Efficient notification management,Excellent build materials
Foldable display with multitasking,Professional-grade manual controls,Privacy-focused search engine,Advanced thermal management
Enhanced voice command customization,Improved night vision photography,Customizable lock screen,High-quality audio output
Faster and more secure biometrics,Enhanced telephoto lens,Advanced privacy features,Long battery life with wireless charging
Ultra-fast charging technology,360-degree photo and video support,Seamless app recommendations,Improved GPU for gaming
Waterproof and shockproof,Improved video editing tools,Efficient power-saving mode,High-speed Wi-Fi connectivity
In-display front camera,Advanced AI scene recognition,User-friendly software updates,Superior haptic feedback
Advanced 5G capabilities,Enhanced video stabilization,Smooth and intuitive app management,Advanced signal reception
Enhanced image quality in low light,Pro-level camera software,Customizable home screen layout,Sturdy and durable build
Flexible and durable screen,Improved night mode video recording,Efficient background app processing,Optimized multitasking
Stylus support for creative work,Enhanced ultra-wide angle lens,Privacy-focused location services,Powerful and efficient processor
Faster and more efficient charging,Improved panorama photo mode,Seamless device synchronization,High-resolution OLED display
Improved AI-based voice assistant,360-degree audio capture,Smart home integration,Long-lasting battery life with quick charge
Enhanced language translation,Improved depth-sensing camera,User-friendly privacy controls,Smooth and responsive touch sensitivity
Optical zoom with image stabilization,Advanced filters for image editing,Optimized battery management,Expandable RAM support
Improved water and dust resistance,Live streaming integration,Responsive privacy settings,Excellent screen visibility in bright sunlight
Under-display fingerprint sensor,Enhanced panorama mode,Easy-to-use screen recording,Quick app launch and multitasking
Instant language translation,360-degree audio recording,Secure app sandboxing,High-speed data transfer
Improved AR capabilities,Superior low-light photography,Intuitive app organization,Advanced GPU for gaming
Biometric app lock,Enhanced depth-sensing camera,Efficient power-saving mode,Responsive and accurate touch screen
Improved wireless connectivity,Advanced image stabilization,Seamless device synchronization,High-resolution front camera
Foldable design for multitasking,Variable aperture for main camera,Advanced parental controls,Long battery life
Enhanced eSIM support,Improved time-lapse photography,Advanced notification center,Superior build materials
Underwater photography mode,Enhanced zoom and focus options,Smart home integration,High-speed data connection
Improved secondary screen for multitasking,Superior macro lens,Advanced voice recognition,Quick and efficient charging
Privacy-first browsing mode,Multi-camera video recording,Customizable home screen gestures,High-quality display materials
Long-term software support,Enhanced video editing capabilities,Efficient background processing,Improved device durability
Fingerprint authentication for apps,Pro-grade image processing,Enhanced voice search,High-speed Wi-Fi connection
Improved gaming performance,360-degree live streaming,User-friendly settings menu,High-quality stereo speakers
Better multitasking features,Enhanced wide-angle lens,Customizable notification privacy settings,Responsive haptic feedback
Advanced biometric data security,Improved action camera,Enhanced data privacy controls,High-refresh-rate display
Foldable design for portability,Advanced low-light image processing,Seamless software updates,Expandable storage support
Enhanced outdoor photography mode,Improved depth-of-field effects,Intuitive voice command customization,Long-lasting battery
Innovative screen technology,Superior optical zoom,Privacy-focused app store,Excellent build quality
Faster face unlock,Professional-grade image stabilization,Efficient app management,Customizable LED notifications
Water and dust resistance rating,Enhanced superzoom capabilities,Smooth and responsive UI,Long-lasting battery life
Advanced location tracking features,Improved time-lapse video,Privacy-focused browsing,Optimized thermal performance
Durable and shatterproof screen,Pro-level camera controls,Effortless app switching,High-resolution OLED display
Foldable design for creative tasks,Enhanced low-light video recording,Customizable app permissions,Powerful processor
High-resolution front camera,360-degree image stitching,Seamless software integration,Long-lasting battery with fast charging
Improved durability for outdoor activities,Advanced image recognition,Secure file sharing,High-capacity RAM
Thinner and lighter design,Improved ultra-wide lens,User-friendly settings navigation,Quick wireless charging
Improved call quality,Enhanced panorama video,Efficient notification management,Excellent build materials
Foldable display with multitasking,Professional-grade manual controls,Privacy-focused search engine,Advanced thermal management
Enhanced voice command customization,Improved night vision photography,Customizable lock screen,High-quality audio output
Faster and more secure biometrics,Enhanced telephoto lens,Advanced privacy features,Long battery life with wireless charging
Ultra-fast charging technology,360-degree photo and video support,Seamless app recommendations,Improved GPU for gaming
Waterproof and shockproof,Improved video editing tools,Efficient power-saving mode,High-speed Wi-Fi connectivity
In-display front camera,Advanced AI scene recognition,User-friendly software updates,Superior haptic feedback
Advanced 5G capabilities,Enhanced video stabilization,Smooth and intuitive app management,Advanced signal reception
Enhanced image quality in low light,Pro-level camera software,Customizable home screen layout,Sturdy and durable build
Flexible and durable screen,Improved night mode video recording,Efficient background app processing,Optimized multitasking
Stylus support for creative work,Enhanced ultra-wide angle lens,Privacy-focused location services,Powerful and efficient processor
Faster and more efficient charging,Improved panorama photo mode,Seamless device synchronization,High-resolution OLED display
Improved AI-based voice assistant,360-degree audio capture,Smart home integration,Long-lasting battery life with quick charge
Enhanced language translation,Improved depth-sensing camera,User-friendly privacy controls,Smooth and responsive touch sensitivity
Optical zoom with image stabilization,Advanced filters for image editing,Optimized battery management,Expandable RAM support
Improved water and dust resistance,Live streaming integration,Responsive privacy settings,Excellent screen visibility in bright sunlight
Under-display fingerprint sensor,Enhanced panorama mode,Easy-to-use screen recording,Quick app launch and multitasking
Instant language translation,360-degree audio recording,Secure app sandboxing,High-speed data transfer
Improved AR capabilities,Superior low-light photography,Intuitive app organization,Advanced GPU for gaming
Biometric app lock,Enhanced depth-sensing camera,Efficient power-saving mode,Responsive and accurate touch screen
Improved wireless connectivity,Advanced image stabilization,Seamless device synchronization,High-resolution front camera
Foldable design for multitasking,Variable aperture for main camera,Advanced parental controls,Long battery life
Enhanced eSIM support,Improved time-lapse photography,Advanced notification center,Superior build materials
Underwater photography mode,Enhanced zoom and focus options,Smart home integration,High-speed data connection
Improved secondary screen for multitasking,Superior macro lens,Advanced voice recognition,Quick and efficient charging
Privacy-first browsing mode,Multi-camera video recording,Customizable home screen gestures,High-quality display materials
Long-term software support,Enhanced video editing capabilities,Efficient background processing,Improved device durability
Fingerprint authentication for apps,Pro-grade image processing,Enhanced voice search,High-speed Wi-Fi connection
Improved gaming performance,360-degree live streaming,User-friendly settings menu,High-quality stereo speakers
Better multitasking features,Enhanced wide-angle lens,Customizable notification privacy settings,Responsive haptic feedback
Advanced biometric data security,Improved action camera,Enhanced data privacy controls,High-refresh-rate display
Foldable design for portability,Advanced low-light image processing,Seamless software updates,Expandable storage support
Enhanced outdoor photography mode,Improved depth-of-field effects,Intuitive voice command customization,Long-lasting battery
Innovative screen technology,Superior optical zoom,Privacy-focused app store,Excellent build quality
Faster face unlock,Professional-grade image stabilization,Efficient app management,Customizable LED notifications
Water and dust resistance rating,Enhanced superzoom capabilities,Smooth and responsive UI,Long-lasting battery life
Advanced location tracking features,Improved time-lapse video,Privacy-focused browsing,Optimized thermal performance
Durable and shatterproof screen,Pro-level camera controls,Effortless app switching,High-resolution OLED display
Foldable design for creative tasks,Enhanced low-light video recording,Customizable app permissions,Powerful processor
High-resolution front camera,360-degree image stitching,Seamless software integration,Long-lasting battery with fast charging
Improved durability for outdoor activities,Advanced image recognition,Secure file sharing,High-capacity RAM
Thinner and lighter design,Improved ultra-wide lens,User-friendly settings navigation,Quick wireless charging
Improved call quality,Enhanced panorama video,Efficient notification management,Excellent build materials
Foldable display with multitasking,Professional-grade manual controls,Privacy-focused search engine,Advanced thermal management
Enhanced voice command customization,Improved night vision photography,Customizable lock screen,High-quality audio output
Faster and more secure biometrics,Enhanced telephoto lens,Advanced privacy features,Long battery life with wireless charging
Ultra-fast charging technology,360-degree photo and video support,Seamless app recommendations,Improved GPU for gaming
Waterproof and shockproof,Improved video editing tools,Efficient power-saving mode,High-speed Wi-Fi connectivity
In-display front camera,Advanced AI scene recognition,User-friendly software updates,Superior haptic feedback
Advanced 5G capabilities,Enhanced video stabilization,Smooth and intuitive app management,Advanced signal reception
Enhanced image quality in low light,Pro-level camera software,Customizable home screen layout,Sturdy and durable build
Flexible and durable screen,Improved night mode video recording,Efficient background app processing,Optimized multitasking
Stylus support for creative work,Enhanced ultra-wide angle lens,Privacy-focused location services,Powerful and efficient processor
Faster and more efficient charging,Improved panorama photo mode,Seamless device synchronization,High-resolution OLED display
Improved AI-based voice assistant,360-degree audio capture,Smart home integration,Long-lasting battery life with quick charge
Enhanced language translation,Improved depth-sensing camera,User-friendly privacy controls,Smooth and responsive touch sensitivity
Optical zoom with image stabilization,Advanced filters for image editing,Optimized battery management,Expandable RAM support
Improved water and dust resistance,Live streaming integration,Responsive privacy settings,Excellent screen visibility in bright sunlight
Under-display fingerprint sensor,Enhanced panorama mode,Easy-to-use screen recording,Quick app launch and multitasking
Instant language translation,360-degree audio recording,Secure app sandboxing,High-speed data transfer
Improved AR capabilities,Superior low-light photography,Intuitive app organization,Advanced GPU for gaming
Biometric app lock,Enhanced depth-sensing camera,Efficient power-saving mode,Responsive and accurate touch screen
Improved wireless connectivity,Advanced image stabilization,Seamless device synchronization,High-resolution front camera
Foldable design for multitasking,Variable aperture for main camera,Advanced parental controls,Long battery life
Enhanced eSIM support,Improved time-lapse photography,Advanced notification center,Superior build materials
Underwater photography mode,Enhanced zoom and focus options,Smart home integration,High-speed data connection
Improved secondary screen for multitasking,Superior macro lens,Advanced voice recognition,Quick and efficient charging
Privacy-first browsing mode,Multi-camera video recording,Customizable home screen gestures,High-quality display materials
Long-term software support,Enhanced video editing capabilities,Efficient background processing,Improved device durability
Fingerprint authentication for apps,Pro-grade image processing,Enhanced voice search,High-speed Wi-Fi connection
Improved gaming performance,360-degree live streaming,User-friendly settings menu,High-quality stereo speakers
Better multitasking features,Enhanced wide-angle lens,Customizable notification privacy settings,Responsive haptic feedback
Advanced biometric data security,Improved action camera,Enhanced data privacy controls,High-refresh-rate display
Foldable design for portability,Advanced low-light image processing,Seamless software updates,Expandable storage support
Enhanced outdoor photography mode,Improved depth-of-field effects,Intuitive voice command customization,Long-lasting battery
Innovative screen technology,Superior optical zoom,Privacy-focused app store,Excellent build quality
Faster face unlock,Professional-grade image stabilization,Efficient app management,Customizable LED notifications
Water and dust resistance rating,Enhanced superzoom capabilities,Smooth and responsive UI,Long-lasting battery life
Advanced location tracking features,Improved time-lapse video,Privacy-focused browsing,Optimized thermal performance
Durable and shatterproof screen,Pro-level camera controls,Effortless app switching,High-resolution OLED display
Foldable design for creative tasks,Enhanced low-light video recording,Customizable app permissions,Powerful processor
High-resolution front camera,360-degree image stitching,Seamless software integration,Long-lasting battery with fast charging
Improved durability for outdoor activities,Advanced image recognition,Secure file sharing,High-capacity RAM
Thinner and lighter design,Improved ultra-wide lens,User-friendly settings navigation,Quick wireless charging
Improved call quality,Enhanced panorama video,Efficient notification management,Excellent build materials
Foldable display with multitasking,Professional-grade manual controls,Privacy-focused search engine,Advanced thermal management
Enhanced voice command customization,Improved night vision photography,Customizable lock screen,High-quality audio output
Faster and more secure biometrics,Enhanced telephoto lens,Advanced privacy features,Long battery life with wireless charging
Ultra-fast charging technology,360-degree photo and video support,Seamless app recommendations,Improved GPU for gaming
Waterproof and shockproof,Improved video editing tools,Efficient power-saving mode,High-speed Wi-Fi connectivity
In-display front camera,Advanced AI scene recognition,User-friendly software updates,Superior haptic feedback
Advanced 5G capabilities,Enhanced video stabilization,Smooth and intuitive app management,Advanced signal reception
Enhanced image quality in low light,Pro-level camera software,Customizable home screen layout,Sturdy and durable build
Flexible and durable screen,Improved night mode video recording,Efficient background app processing,Optimized multitasking
Stylus support for creative work,Enhanced ultra-wide angle lens,Privacy-focused location services,Powerful and efficient processor
Faster and more efficient charging,Improved panorama photo mode,Seamless device synchronization,High-resolution OLED display
Improved AI-based voice assistant,360-degree audio capture,Smart home integration,Long-lasting battery life with quick charge
Enhanced language translation,Improved depth-sensing camera,User-friendly privacy controls,Smooth and responsive touch sensitivity
Optical zoom with image stabilization,Advanced filters for image editing,Optimized battery management,Expandable RAM support
Improved water and dust resistance,Live streaming integration,Responsive privacy settings,Excellent screen visibility in bright sunlight
Under-display fingerprint sensor,Enhanced panorama mode,Easy-to-use screen recording,Quick app launch and multitasking
Instant language translation,360-degree audio recording,Secure app sandboxing,High-speed data transfer
Improved AR capabilities,Superior low-light photography,Intuitive app organization,Advanced GPU for gaming
Biometric app lock,Enhanced depth-sensing camera,Efficient power-saving mode,Responsive and accurate touch screen
Improved wireless connectivity,Advanced image stabilization,Seamless device synchronization,High-resolution front camera
Foldable design for multitasking,Variable aperture for main camera,Advanced parental controls,Long battery life
Enhanced eSIM support,Improved time-lapse photography,Advanced notification center,Superior build materials
Underwater photography mode,Enhanced zoom and focus options,Smart home integration,High-speed data connection
Improved secondary screen for multitasking,Superior macro lens,Advanced voice recognition,Quick and efficient charging
Privacy-first browsing mode,Multi-camera video recording,Customizable home screen gestures,High-quality display materials
Long-term software support,Enhanced video editing capabilities,Efficient background processing,Improved device durability
Fingerprint authentication for apps,Pro-grade image processing,Enhanced voice search,High-speed Wi-Fi connection
Improved gaming performance,360-degree live streaming,User-friendly settings menu,High-quality stereo speakers
Better multitasking features,Enhanced wide-angle lens,Customizable notification privacy settings,Responsive haptic feedback
Advanced biometric data security,Improved action camera,Enhanced data privacy controls,High-refresh-rate display
Foldable design for portability,Advanced low-light image processing,Seamless software updates,Expandable storage support
Enhanced outdoor photography mode,Improved depth-of-field effects,Intuitive voice command customization,Long-lasting battery
Innovative screen technology,Superior optical zoom,Privacy-focused app store,Excellent build quality
Faster face unlock,Professional-grade image stabilization,Efficient app management,Customizable LED notifications
Water and dust resistance rating,Enhanced superzoom capabilities,Smooth and responsive UI,Long-lasting battery life
Advanced location tracking features,Improved time-lapse video,Privacy-focused browsing,Optimized thermal performance
Durable and shatterproof screen,Pro-level camera controls,Effortless app switching,High-resolution OLED display
Foldable design for creative tasks,Enhanced low-light video recording,Customizable app permissions,Powerful processor
High-resolution front camera,360-degree image stitching,Seamless software integration,Long-lasting battery with fast charging
Improved durability for outdoor activities,Advanced image recognition,Secure file sharing,High-capacity RAM
Thinner and lighter design,Improved ultra-wide lens,User-friendly settings navigation,Quick wireless charging
Improved call quality,Enhanced panorama video,Efficient notification management,Excellent build materials
Foldable display with multitasking,Professional-grade manual controls,Privacy-focused search engine,Advanced thermal management
Enhanced voice command customization,Improved night vision photography,Customizable lock screen,High-quality audio output
Faster and more secure biometrics,Enhanced telephoto lens,Advanced privacy features,Long battery life with wireless charging
Ultra-fast charging technology,360-degree photo and video support,Seamless app recommendations,Improved GPU for gaming
